osm_id,lat,lon,tag_name,near_place,mode,watercourse,snap_distance_m,form,lake_area_km2,inland,listed_as,nearest_spot,nearest_spot_m,matched_by,duplicates,tag_leisure,tag_sport,tag_natural,tag_water,tag_waterway,tag_access,tag_fee,tag_swimming,tag_supervised,tag_lifeguard,tag_tidal,tag_description,tag_note,tag_website,tags
node/14066536782,54.57432,-2.91114,,Sandwick (1.3 km),lake,Ullswater,371,lake,8.82,True,osm-ullswater-sandwick,ullswater-glenridding,4131,bathing_place,,bathing_place,,,,,yes,,,no,,,,,,"{""access"": ""yes"", ""informal"": ""yes"", ""leisure"": ""bathing_place"", ""supervised"": ""no""}"
node/11146689325,54.41897,-2.96235,,Waterhead (0.3 km),lake,Windermere (N Basin),330,lake,8.67,True,osm-windermere-waterhead,rydal-water,3566,swimming_area sport_swimming,,swimming_area,swimming,,,,,,,,,,,,,"{""leisure"": ""swimming_area"", ""sport"": ""swimming""}"
way/118190945,54.16857,-3.20748,Plunger Pond,Holmes Green (2.2 km),lake,Blea Beck,1459,lake,,True,,bw-ukd1230-45725,17601,name,,,,water,,,,,,,,,,,,"{""name"": ""Plunger Pond"", ""natural"": ""water""}"
node/9141700491,53.92277,-1.74892,,Askwith (0.9 km),river,River Wharfe,7,inlandRiver,,True,osm-wharfe-greenholme,bw-uke4100-08901,4532,swimming_area sport_swimming,,swimming_area,swimming,,,,,,,no,no,,Popuar but informal local swimming/bathing spot,,,"{""description"": ""Popuar but informal local swimming/bathing spot"", ""leisure"": ""swimming_area"", ""lifeguard"": ""no"", ""source"": ""local_knowledge"", ""sport"": ""swimming"", ""supervised"": ""no""}"
way/241191619,53.91206,-1.02315,Pool Bridge Farm Wild Swimming & Wellbeing: The Q Lake,Crockey Hill (1.8 km),river,Tillmire Drain,112,inlandRiver,,True,,bw-uke4200-08904,23849,name,,,,water,,,,,,,,,,,,"{""name"": ""Pool Bridge Farm Wild Swimming & Wellbeing: The Q Lake"", ""natural"": ""water""}"
relation/2701444,53.91085,-1.02593,Pool Bridge Farm Wild Swimming & Wellbeing: The Horseshoe Lake,Crockey Hill (1.6 km),river,Bridge Dike,341,inlandRiver,,True,,bw-uke4200-08904,23676,name,way/119639760 relation/19310219,,,water,lake,,,,,,,,,,,"{""name"": ""Pool Bridge Farm Wild Swimming & Wellbeing: The Horseshoe Lake"", ""natural"": ""water"", ""type"": ""multipolygon"", ""water"": ""lake""}"
way/241191613,53.90938,-1.02364,Pool Bridge Farm Wild Swimming & Wellbeing: The Monet Lake,Crockey Hill (1.8 km),river,Tillmire Drain,25,inlandRiver,,True,,bw-uke4200-08904,23839,name,,,,water,lake,,,,,,,,,,,"{""name"": ""Pool Bridge Farm Wild Swimming & Wellbeing: The Monet Lake"", ""natural"": ""water"", ""water"": ""lake""}"
way/843124374,53.67416,-1.20616,Evolve Endurance Outdoor Swimming & Diving Centre,Womersley (0.8 km),river,Womersley Beck,883,inlandRiver,,True,,bw-uke4200-08904,30463,swimming_area name,,swimming_area,,,,,,,,yes,,,,,,"{""leisure"": ""swimming_area"", ""name"": ""Evolve Endurance Outdoor Swimming & Diving Centre"", ""supervised"": ""yes""}"
way/140502996,53.60907,-1.91778,Sparth Reservoir,Slaithwaite Hall (0.5 km),river,River Colne,499,inlandRiver,,True,,derwent-slippery-stones,20767,bathing_place sport_swimming,,bathing_place,swimming,water,reservoir,,,,,,,,,,,"{""depth"": ""4.5"", ""leisure"": ""bathing_place"", ""name"": ""Sparth Reservoir"", ""natural"": ""water"", ""ref:GB:uprn"": ""83235406"", ""sport"": ""swimming"", ""water"": ""reservoir"", ""wikidata"": ""Q131185735""}"
way/976484089,53.47253,-2.29276,USwim Salford,Salford Quays (0.0 km),river,Manchester Ship Canal,362,canal,,True,,osm-dane-three-shires-head,35244,swimming_area sport_swimming name,,swimming_area,swimming,,,,,yes,customers,yes,yes,,,,https://www.uswimopenwater.com/salford-quays,"{""fee"": ""yes"", ""leisure"": ""swimming_area"", ""lifeguard"": ""yes"", ""name"": ""USwim Salford"", ""opening_hours"": ""We 17:30-19:30; Sa 08:00-11:00"", ""sport"": ""swimming"", ""supervised"": ""yes"", ""swimming"": ""customers"", ""website"": ""https://www.uswimopenwater.com/salford-quays""}"
relation/13134271,53.47102,-2.28657,,Salford Quays (0.4 km),river,Manchester Ship Canal,391,canal,,True,,osm-dane-three-shires-head,34869,swimming_area sport_swimming,,swimming_area,swimming,,,,yes,yes,customers,yes,yes,,,,https://salfordwatersports.com/activities/open-water-swimming/,"{""access"": ""yes"", ""fee"": ""yes"", ""leisure"": ""swimming_area"", ""lifeguard"": ""yes"", ""opening_hours"": ""Tu,Th 17:00-20:00; Su 08:45-11:45"", ""operator"": ""Salford Watersports Centre"", ""sport"": ""swimming"", ""supervised"": ""yes"", ""swimming"": ""customers"", ""type"": ""multipolygon"", ""website"": ""https://salfordwatersports.com/activities/open-water-swimming/""}"
way/1296709876,53.45469,-1.74711,Slippery Stones Plunge Pool,,river,River Derwent,5,inlandRiver,,True,,derwent-slippery-stones,224,bathing_place sport_swimming name,,bathing_place,swimming,water,,,,,,,,,,,,"{""area"": ""yes"", ""leisure"": ""bathing_place"", ""name"": ""Slippery Stones Plunge Pool"", ""natural"": ""water"", ""sport"": ""swimming"", ""tourism"": ""attraction""}"
way/151042096,53.39487,-1.88942,Mermaid's pool,Hill Houses (2.8 km),river,River Kinder,199,inlandRiver,,True,,derwent-slippery-stones,11461,bathing_place sport_swimming,,bathing_place,swimming,water,,,,,,,,,,,,"{""informal"": ""yes"", ""leisure"": ""bathing_place"", ""name"": ""Mermaid's pool"", ""natural"": ""water"", ""sport"": ""swimming""}"
way/1317352569,53.38169,-1.56,Rivelin Plunge Pool,Rails (0.4 km),river,River Rivelin,2,inlandRiver,,True,osm-rivelin-plunge-pool,osm-burbage-padley-gorge,7882,name,,,,water,stream_pool,,,,,,,,,,,"{""name"": ""Rivelin Plunge Pool"", ""natural"": ""water"", ""water"": ""stream_pool""}"
way/1296709877,53.3186,-1.61385,Padley Gorge,Upper Padley (1.7 km),river,Burbage Brook,1,inlandRiver,,True,osm-burbage-padley-gorge,osm-rivelin-plunge-pool,7881,bathing_place sport_swimming,,bathing_place,swimming,water,,,,,,,,,,,,"{""depth"": ""0.5"", ""informal"": ""yes"", ""leisure"": ""bathing_place"", ""name"": ""Padley Gorge"", ""natural"": ""water"", ""sport"": ""swimming""}"
way/22928998,53.28986,-2.47873,Pick Mere,Wincham (0.7 km),river,Smoker Brook,1042,inlandRiver,,True,,hatchmere,13823,swimming_area,,swimming_area,,water,,,,,,,,,,,,"{""informal"": ""yes"", ""leisure"": ""swimming_area"", ""name"": ""Pick Mere"", ""natural"": ""water"", ""source"": ""landsat""}"
node/12015669309,53.25426,-1.81488,,Blackwell (1.0 km),river,River Wye,1,inlandRiver,,True,osm-wye-chee-dale,osm-lathkill-dale,11005,bathing_place sport_swimming,,bathing_place,swimming,,,,,,,,,,"Chee Dale is a known swimming spot, this is where I took a dip but not clear where the best place is and there are combined sewer overflow outfalls upstream of this area so inadvisable to swim after heavy rains.",,,"{""description"": ""Chee Dale is a known swimming spot, this is where I took a dip but not clear where the best place is and there are combined sewer overflow outfalls upstream of this area so inadvisable to swim after heavy rains."", ""hazard"": ""sewage"", ""informal"": ""yes"", ""leisure"": ""bathing_place"", ""sport"": ""swimming"", ""trail_visibility"": ""very_bad""}"
way/4954522,53.24436,-2.67149,Hatchmere,Hatchmere (0.4 km),lake,Hatch Mere,12,lake,0.05,True,,hatchmere,79,swimming_area,,swimming_area,,water,,,,,,,,,,,,"{""leisure"": ""swimming_area"", ""name"": ""Hatchmere"", ""natural"": ""water"", ""wikidata"": ""Q5681147"", ""wikipedia"": ""en:Hatchmere""}"
way/143617628,53.23207,-2.38457,Boundary Water Park,Allostock (0.6 km),river,Bradshaw Brook,425,inlandRiver,,True,,hatchmere,19238,sport_swimming,,,swimming,water,,,,,,,,,,,,"{""addr:city"": ""Allostock"", ""addr:postcode"": ""CW4 8HT"", ""addr:street"": ""London Road"", ""alt_name"": ""Boundary Park"", ""name"": ""Boundary Water Park"", ""natural"": ""water"", ""sport"": ""swimming""}"
way/784263352,53.21374,-1.98745,Panniers Pool,Knotbury (1.2 km),river,Three Shires Head,3,inlandRiver,,True,osm-dane-three-shires-head,osm-wye-chee-dale,12369,bathing_place,way/1296706290 way/1296706288,bathing_place,,water,river,,,,,,,,,,,"{""depth"": ""1"", ""leisure"": ""bathing_place"", ""name"": ""Panniers Pool"", ""natural"": ""water"", ""water"": ""river""}"
way/1298045433,53.21292,-2.61653,,Oakmere (1.8 km),lake,,1285,lake,,True,,hatchmere,5144,swimming_area,,swimming_area,,,,,,,,,,,"The Southern shore of Nunsmere has been used by the public for bathers for many years. Hotel staff have been known to ask bathers to move, but this area is owned by the Forestry Commision and they have no authority to do so.",,,"{""description"": ""The Southern shore of Nunsmere has been used by the public for bathers for many years. Hotel staff have been known to ask bathers to move, but this area is owned by the Forestry Commision and they have no authority to do so."", ""leisure"": ""swimming_area"", ""operator"": ""Forestry Commission""}"
way/833901448,53.19044,-1.68894,,Over Haddon (0.7 km),river,River Lathkill,43,inlandRiver,,True,osm-lathkill-dale,osm-bradford-youlgrave,1933,swimming_area,,swimming_area,,water,river,,,,,,,,,,,"{""informal"": ""yes"", ""leisure"": ""swimming_area"", ""natural"": ""water"", ""water"": ""river""}"
way/833670616,53.17316,-1.68596,,Youlgrave (0.3 km),river,River Bradford,5,inlandRiver,,True,osm-bradford-youlgrave,osm-lathkill-dale,1932,swimming_area,,swimming_area,,water,,,yes,no,,yes,,,,,,"{""access"": ""yes"", ""depth"": ""1.2"", ""fee"": ""no"", ""leisure"": ""swimming_area"", ""lit"": ""no"", ""natural"": ""water"", ""supervised"": ""yes""}"
way/86821719,53.14864,-1.94193,Blake Mere,Upper Hulme (2.6 km),river,River Churnet,830,inlandRiver,,True,,osm-dane-three-shires-head,7855,bathing_place,,bathing_place,,water,,,,,,,,,,,,"{""alt_name"": ""Mermaid's Pond;Blakemere Pool;Blakemere"", ""depth"": ""1.8"", ""leisure"": ""bathing_place"", ""name"": ""Blake Mere"", ""natural"": ""water"", ""source"": ""survey"", ""source:name"": ""OS OpenData StreetView"", ""wikidata"": ""Q17510376"", ""wikipedia"": ""en:Blakemere Pond""}"
way/1296996239,53.05968,-1.77617,,Thorpe (1.3 km),river,River Dove,1,inlandRiver,,True,,dove-dovedale,913,swimming_area,,swimming_area,,water,,,,,,,,,,,,"{""informal"": ""yes"", ""leisure"": ""swimming_area"", ""natural"": ""water""}"
way/228279720,52.99929,-1.17239,,Top Valley (0.8 km),river,River Leen,1439,inlandRiver,,True,,bw-ukf1400-09750,7818,sport_swimming,,,swimming,,,,,,,,,,,,,"{""area"": ""yes"", ""sport"": ""swimming"", ""wheelchair"": ""yes""}"
way/12344607,52.9501,-1.07421,rg:active Open Water Swimming,Holme Pierrepont (0.7 km),lake,,186,lake,,True,,bw-ukf1400-09750,1700,name,,,,water,,,,,,,,,,,,"{""name"": ""rg:active Open Water Swimming"", ""natural"": ""water"", ""ref:GB:uprn"": ""10025545937""}"
way/148310789,52.73403,1.57988,Swim Coots,Potter Heigham (1.6 km),lake,Hickling Broad,361,lake,1.6,True,,waveney-outney-common,32257,name,,,,water,,,,,,,,,,,,"{""name"": ""Swim Coots"", ""natural"": ""water"", ""source"": ""OS_OpenData_StreetView""}"
way/952309620,52.6632,-1.95029,Chase Open Water Swimming,Brownhills West (0.7 km),lake,Chasewater,358,lake,0.86,True,,bw-ukg2100-36070,36831,swimming_area sport_swimming name,,swimming_area,swimming,,,,,yes,customers,yes,yes,,,,,"{""addr:city"": ""Brownhills"", ""addr:housename"": ""Chasewater Sports Centre"", ""addr:postcode"": ""WS8 7NL"", ""addr:street"": ""Pool Road"", ""contact:email"": ""chaseows@gmail.com"", ""contact:facebook"": ""https://www.facebook.com/chaseopenwater/"", ""contact:website"": ""https://www.chaseopenwater.com/"", ""fee"": ""yes"", ""leisure"": ""swimming_area"", ""lifeguard"": ""yes"", ""name"": ""Chase Open Water Swimming"", ""network"": ""nowca.org"", ""opening_hours"": ""Th 18:00-20:00;Sa 07:30-09:00"", ""operator"": ""Chase Open Water Swimming"", ""sport"": ""swimming"", ""supervised"": ""yes"", ""swimming"": ""customers""}"
node/357145378,52.62613,-1.28526,,Desford (0.7 km),river,Rothley Brook,384,inlandRiver,,True,,bw-ukf1400-09750,37668,sport_swimming,,,swimming,,,,,,,,,,,,,"{""sport"": ""swimming""}"
node/6646996432,52.59039,-1.69595,Wild swimming,Dosthill (1.2 km),river,River Tame,133,inlandRiver,,True,,dove-dovedale,51929,sport_swimming name,,,swimming,,,,,,,,,,,,,"{""name"": ""Wild swimming"", ""sport"": ""swimming""}"
way/89121620,52.57155,-0.23229,,Eastgate (0.3 km),river,River Nene,577,inlandRiver,,True,,bw-ukf2208-09702,27732,sport_swimming,,,swimming,,,,,,,,,,,,,"{""covered"": ""yes"", ""demolished:building"": ""yes"", ""disused:leisure"": ""fitness_centre"", ""landuse"": ""brownfield"", ""sport"": ""swimming""}"
relation/5364978,52.39805,-1.64501,Ruby’s Leisure Lake,Balsall Common (0.9 km),lake,,222,lake,,True,,bw-ukg2100-36070,62961,bathing_place,,bathing_place,,water,reservoir,,customers,,,,,,,,https://www.lavenderhallfishery.co.uk/swimming-paddle-boarding,"{""access"": ""customers"", ""informal"": ""no"", ""leisure"": ""bathing_place"", ""name"": ""Ruby’s Leisure Lake"", ""natural"": ""water"", ""picnic_table"": ""yes"", ""shower"": ""no"", ""toilets"": ""yes"", ""type"": ""multipolygon"", ""water"": ""reservoir"", ""website"": ""https://www.lavenderhallfishery.co.uk/swimming-paddle-boarding""}"
way/1390425725,52.3306,-0.11971,,Houghton (0.3 km),river,River Great Ouse,110,inlandRiver,,True,,great-ouse-houghton,449,swimming_area,,swimming_area,,,,,unknown,no,,no,,,,,,"{""access"": ""unknown"", ""access:conditional"": ""no @ It is an offence to swim or enter water within 30 feet of Sluices, or any other installation"", ""bathing_water"": ""unregulated"", ""fee"": ""no"", ""hazard"": ""flooding;rocks"", ""informal"": ""yes"", ""leisure"": ""swimming_area"", ""monitoring:water_quality"": ""no"", ""seasonal"": ""dry_season"", ""supervised"": ""no""}"
way/1209706748,52.32303,-0.0039,,Overcote (0.3 km),river,River Great Ouse,31,inlandRiver,,True,osm-great-ouse-overcote,great-ouse-houghton,7548,swimming_area,,swimming_area,,,,,permissive,no,,no,,,,,,"{""access"": ""permissive"", ""bathing_water"": ""unregulated"", ""fee"": ""no"", ""informal"": ""yes"", ""leisure"": ""swimming_area"", ""lit"": ""no"", ""monitoring:water_quality"": ""no"", ""supervised"": ""no""}"
way/1028599200,52.32027,-0.17822,,Godmanchester (0.2 km),river,River Great Ouse,97,inlandRiver,,True,,great-ouse-houghton,4448,sport_swimming,,,swimming,,,,no,,,,,,,Historical swimmig point closed. Cash needed.,,"{""access"": ""no"", ""check_date"": ""2023-08"", ""disused:leisure"": ""bathing_place"", ""landuse"": ""construction"", ""note"": ""Historical swimmig point closed. Cash needed."", ""sport"": ""swimming""}"
way/1422030316,52.31073,-0.10306,,Hemingford Grey (0.8 km),river,Longmarsh Brook,91,inlandRiver,,True,,great-ouse-houghton,2100,swimming_area,,swimming_area,,,,,,,,,,,,,,"{""leisure"": ""swimming_area""}"
way/1550316831,52.30025,0.44627,,Chippenham (0.7 km),river,River Snail,902,inlandRiver,,True,,bw-ukh1201-09801,25309,bathing_place,,bathing_place,,,,,private,,,,,,,,,"{""access"": ""private"", ""leisure"": ""bathing_place""}"
way/1355421413,52.25899,-0.26054,South Lake Waterpark,Southoe (0.8 km),river,River Great Ouse,257,inlandRiver,,True,,great-ouse-houghton,12609,swimming_area sport_swimming,,swimming_area,swimming,water,,,,yes,,,,,,,https://www.southlakewaterpark.co.uk/open-water-swimming-st-neots-bedford,"{""alt_name"": ""A1 South Lake"", ""fee"": ""yes"", ""leisure"": ""swimming_area"", ""name"": ""South Lake Waterpark"", ""natural"": ""water"", ""sport"": ""swimming"", ""type"": ""multipolygon"", ""website"": ""https://www.southlakewaterpark.co.uk/open-water-swimming-st-neots-bedford""}"
way/1208130423,52.19627,0.11706,Sheep's Green DBW,Newnham (0.7 km),river,River Cam,4,inlandRiver,,True,,bw-ukh1201-09801,27,swimming_area,,swimming_area,,,,,designated,no,,no,,,,,https://environment.data.gov.uk/bwq/profiles/profile.html?site=ukh1201-09801,"{""access"": ""designated"", ""designation"": ""Environment Agency designated Bathing Water"", ""fee"": ""no"", ""informal"": ""yes"", ""leisure"": ""swimming_area"", ""lit"": ""no"", ""monitoring:water_quality"": ""seasonal;weekly"", ""name"": ""Sheep's Green DBW"", ""seamark:restricted_area:category"": ""swimming"", ""supervised"": ""no"", ""website"": ""https://environment.data.gov.uk/bwq/profiles/profile.html?site=ukh1201-09801""}"
way/1135783214,52.19114,0.10731,,Newnham (0.6 km),river,River Cam,1,inlandRiver,,True,,cam-grantchester,547,swimming_area,,swimming_area,,,,,private,,,no,,,,,,"{""access"": ""private"", ""bathing_water"": ""unregulated"", ""informal"": ""yes"", ""leisure"": ""swimming_area"", ""lit"": ""no"", ""seamark:restricted_area:category"": ""swimming"", ""supervised"": ""no""}"
way/1135783213,52.19047,0.10474,Deadmans Corner,Newnham (0.7 km),river,River Cam,6,inlandRiver,,True,,cam-grantchester,386,swimming_area,way/1135788011,swimming_area,,,,,permissive,no,,no,,,,,,"{""access"": ""permissive"", ""bathing_water"": ""unregulated"", ""fee"": ""no"", ""informal"": ""yes"", ""leisure"": ""swimming_area"", ""lit"": ""no"", ""name"": ""Deadmans Corner"", ""seamark:restricted_area:category"": ""swimming"", ""supervised"": ""no""}"
node/13001436533,52.15659,-1.99949,,Bishampton (1.4 km),river,Whitsun Brook,34,inlandRiver,,True,,wye-hereford,50529,bathing_place,,bathing_place,,,,,,,,,,,,,,"{""leisure"": ""bathing_place""}"
way/180560649,52.11471,-1.05157,,Abthorpe (0.2 km),river,River Tove,220,inlandRiver,,True,,bw-ukj1402-11946,40761,sport_swimming,,,swimming,water,,,,,,,,,,,,"{""natural"": ""water"", ""sport"": ""swimming""}"
node/34957016,52.08737,0.01715,McSplash,Melbourn (0.6 km),river,River Mel,192,inlandRiver,,True,,cam-grantchester,12556,sport_swimming,,,swimming,,,,yes,,,,,,,,,"{""access"": ""yes"", ""name"": ""McSplash"", ""note:access"": ""Open to the public, not just the Village College"", ""sport"": ""swimming""}"
node/360461384,52.04112,-0.74927,,Central Milton Keynes (0.4 km),river,Grand Union Canal,1200,canal,,True,,bw-ukj1402-11946,47462,sport_swimming,,,swimming,,,,,,,,,,,,,"{""created_by"": ""Potlatch 0.5c"", ""sport"": ""swimming""}"
way/1302886069,52.03598,-2.48595,,Aylton (0.8 km),river,Ludstock Brook,32,inlandRiver,,True,,wye-hereford,15935,swimming_area,,swimming_area,,,,,private,,,,,,,,,"{""access"": ""private"", ""leisure"": ""swimming_area""}"
way/383804362,51.93502,-2.611,,Backney (0.9 km),river,Afon Gwy,166,inlandRiver,,True,,wye-symonds-yat,10347,sport_swimming,,,swimming,,,,private,,,,,,,,,"{""access"": ""private"", ""covered"": ""no"", ""disused:leisure"": ""swimming_pool"", ""sport"": ""swimming""}"
way/970691513,51.88665,-1.20395,,Chesterton (1.3 km),river,Gagle Brook,1119,inlandRiver,,True,,bw-ukj1402-11946,13370,swimming_area,,swimming_area,,,,,,,,,,,,,,"{""leisure"": ""swimming_area""}"
way/35267715,51.80558,1.01215,,Brightlingsea (1.1 km),river,Brightlingsea Creek,313,tidalRiver,,True,,stour-dedham,17225,swimming_area,,swimming_area,,water,,,,,,,,,,,,"{""leisure"": ""swimming_area"", ""natural"": ""water""}"
node/14231704613,51.7813,-1.29608,Wolvercote Mill Stream Bathing Place,Godstow (0.4 km),river,River Thames,390,inlandRiver,,True,,bw-ukj1402-11946,54,bathing_place name,way/109086787,bathing_place,,,,,yes,,,,,,,,,"{""access"": ""yes"", ""drinking_water"": ""no"", ""leisure"": ""bathing_place"", ""name"": ""Wolvercote Mill Stream Bathing Place"", ""picnic_table"": ""yes"", ""shower"": ""no"", ""toilets"": ""yes""}"
node/2014034960,51.76439,-0.58061,,Shootersway (0.7 km),river,River Bulbourne,209,inlandRiver,,True,,thames-hurley,28814,sport_swimming,,,swimming,,,,,,,,,,,,,"{""sport"": ""swimming""}"
node/7740065665,51.73783,-1.24522,Long Bridges Bathing Place,South Oxford (0.7 km),river,River Thames,90,inlandRiver,,True,osm-thames-long-bridges,thames-port-meadow,4878,bathing_place name,,bathing_place,,,,,,,,,,,,,,"{""alt_name"": ""Longbridges Bathing Place"", ""leisure"": ""bathing_place"", ""name"": ""Long Bridges Bathing Place"", ""shower"": ""no"", ""swimming_pool"": ""outdoor"", ""toilets"": ""no""}"
way/1547033248,51.70576,-0.02076,Herts Young Mariners Base,Cheshunt (1.0 km),river,Small River Lee,64,inlandRiver,,True,,bw-uki1101-11910,18228,swimming_area sport_swimming,,swimming_area,swimming,,,,customers,,customers,,yes,,,,https://www.better.org.uk/leisure-centre/cheshunt/herts-young-mariners-base,"{""access"": ""customers"", ""addr:city"": ""Waltham Cross"", ""addr:housenumber"": ""231"", ""addr:postcode"": ""EN8 9AJ"", ""addr:street"": ""Windmill Lane"", ""alt_name"": ""Western Lagoon"", ""brand"": ""Better"", ""check_date"": ""2026-08-03"", ""leisure"": ""swimming_area"", ""lifeguard"": ""yes"", ""name"": ""Herts Young Mariners Base"", ""operator"": ""Greenwich Leisure Limited"", ""operator:wikidata"": ""Q5604859"", ""short_name"": ""HYMB"", ""sport"": ""swimming"", ""swimming"": ""customers"", ""website"": ""https://www.better.org.uk/leisure-centre/cheshunt/herts-young-mariners-base""}"
node/8835030865,51.68396,-1.67661,Cheese Wharf,Buscot Wick (0.9 km),river,River Thames,23,inlandRiver,,True,,thames-buscot-weir,974,bathing_place,,bathing_place,,,,,,,,,,,,,,"{""leisure"": ""bathing_place"", ""name"": ""Cheese Wharf""}"
node/20934455,51.62439,-2.42568,The Lake,Leyhill (0.9 km),lake,,1343,lake,,True,,bw-ukk1100-36050,19081,swimming_area sport_swimming,,swimming_area,swimming,,,,,,,,,,,,https://thelakeuk.com,"{""addr:city"": ""Cromhall"", ""addr:housename"": ""Cromhall Quarry"", ""addr:postcode"": ""GL12 8AA"", ""leisure"": ""swimming_area"", ""name"": ""The Lake"", ""operator"": ""South West Maritime Academy"", ""phone"": ""+44 7901 832862"", ""sport"": ""swimming"", ""tourism"": ""attraction"", ""website"": ""https://thelakeuk.com""}"
way/969276017,51.62092,0.05532,Luxborough Lakes,Buckhurst Hill (1.2 km),river,River Roding,265,inlandRiver,,True,,bw-uki1101-11920,16022,swimming_area sport_swimming,,swimming_area,swimming,,,,yes,yes,customers,yes,yes,,,,,"{""access"": ""yes"", ""addr:city"": ""Chigwell"", ""addr:street"": ""Luxborough Lane"", ""alt_name"": ""Luxborough Lake"", ""contact:phone"": ""+44 7887 520039"", ""fee"": ""yes"", ""leisure"": ""swimming_area"", ""lifeguard"": ""yes"", ""name"": ""Luxborough Lakes"", ""opening_hours"": ""We 18:00-20:00;Sa 08:00-10:30"", ""operator"": ""Be Endurance Open Water Swimming"", ""sport"": ""swimming"", ""supervised"": ""yes"", ""swimming"": ""customers""}"
way/946516613,51.56783,-0.08961,West Reservoir Centre,Stoke Newington (1.2 km),river,New River,198,inlandRiver,,True,,bw-uki1101-11920,4672,swimming_area sport_swimming,,swimming_area,swimming,,,,,yes,customers,yes,yes,,,,https://www.better.org.uk/leisure-centre/london/hackney/west-reservoir-centre,"{""addr:city"": ""London"", ""addr:housename"": ""The West Reservoir Centre"", ""addr:postcode"": ""N4 2HA"", ""addr:street"": ""Green Lanes"", ""addr:suburb"": ""Stoke Newington"", ""brand"": ""Better"", ""brand:wikidata"": ""Q109721926"", ""fee"": ""yes"", ""leisure"": ""swimming_area"", ""lifeguard"": ""yes"", ""name"": ""West Reservoir Centre"", ""operator"": ""Greenwich Leisure Limited"", ""operator:wikidata"": ""Q5604859"", ""sport"": ""swimming"", ""supervised"": ""yes"", ""swimming"": ""customers"", ""website"": ""https://www.better.org.uk/leisure-centre/london/hackney/west-reservoir-centre""}"
way/735158561,51.567,-0.16046,Kenwood Ladies Bathing Pond,Highgate (0.9 km),lake,,120,lake,,True,,bw-uki1101-11910,40,swimming_area sport_swimming name,,swimming_area,swimming,,,,,,,,,,,,,"{""contact:website"": ""https://www.cityoflondon.gov.uk/things-to-do/green-spaces/hampstead-heath/swimming/Pages/default.aspx"", ""leisure"": ""swimming_area"", ""name"": ""Kenwood Ladies Bathing Pond"", ""operator"": ""City of London Corporation"", ""ref:EU:bwid"": ""uki1101-11910"", ""sport"": ""swimming"", ""url"": ""http://environment.data.gov.uk/bwq/profiles/profile.html?site=uki1101-11910""}"
way/735158560,51.56314,-0.15657,Men's Bathing Pond,Dartmouth Park (1.0 km),lake,,20,lake,,True,,bw-uki1101-11920,22,swimming_area sport_swimming name,,swimming_area,swimming,,,,,,,,,,,,https://www.cityoflondon.gov.uk/things-to-do/green-spaces/hampstead-heath/where-to-go-at-hampstead-heath/highgate-mens-pond,"{""leisure"": ""swimming_area"", ""name"": ""Men's Bathing Pond"", ""operator"": ""City of London Corporation"", ""ref:EU:bwid"": ""uki1101-11920"", ""sport"": ""swimming"", ""website"": ""https://www.cityoflondon.gov.uk/things-to-do/green-spaces/hampstead-heath/where-to-go-at-hampstead-heath/highgate-mens-pond""}"
node/83338446,51.56182,0.58491,,Thundersley (1.0 km),river,Benfleet Hall Sewer,706,inlandRiver,,True,,medway-tonbridge,46098,sport_swimming,,,swimming,,,,,,,,,,,,,"{""created_by"": ""JOSM"", ""sport"": ""swimming""}"
way/733568109,51.56032,-0.16611,Mixed Bathing Pond,Hampstead (0.9 km),lake,,13,lake,,True,,bw-uki1101-11930,44,swimming_area sport_swimming name,way/4255486,swimming_area,swimming,,,,,yes,,yes,,,,,https://www.cityoflondon.gov.uk/things-to-do/green-spaces/hampstead-heath/where-to-go-at-hampstead-heath/mixed-pond,"{""fee"": ""yes"", ""leisure"": ""swimming_area"", ""name"": ""Mixed Bathing Pond"", ""ref:EU:bwid"": ""uki1101-11930"", ""sport"": ""swimming"", ""supervised"": ""yes"", ""url"": ""http://environment.data.gov.uk/bwq/profiles/profile.html?site=uki1101-11930"", ""website"": ""https://www.cityoflondon.gov.uk/things-to-do/green-spaces/hampstead-heath/where-to-go-at-hampstead-heath/mixed-pond""}"
way/724008897,51.55073,0.59775,Hadleigh Plungers OWS,Hadleigh (0.8 km),river,Benfleet Hall Sewer,1182,inlandRiver,,True,,medway-tonbridge,45450,swimming_area sport_swimming name,,swimming_area,swimming,,,,,yes,customers,yes,yes,,,,https://www.explore-essex.com/places-to-go/find-whats-near-me/hadleigh-country-park,"{""fee"": ""yes"", ""leisure"": ""swimming_area"", ""lifeguard"": ""yes"", ""name"": ""Hadleigh Plungers OWS"", ""network"": ""nowca.org"", ""opening_hours"": ""We 17:30-19:30; Sa 08:00-10:00"", ""operator"": ""Hadleigh Park"", ""sport"": ""swimming"", ""supervised"": ""yes"", ""swimming"": ""customers"", ""website"": ""https://www.explore-essex.com/places-to-go/find-whats-near-me/hadleigh-country-park""}"
way/432871944,51.52895,0.79928,,Shoeburyness (0.2 km),lake,,1378,lake,,True,,stour-dedham,49835,swimming_area,,swimming_area,,,,,,,,,,,,,,"{""leisure"": ""swimming_area""}"
way/23607683,51.50486,-0.16838,Serpentine Lido,Knightsbridge (0.5 km),lake,,61,lake,,True,,bw-uki1106-11940,48,swimming_area sport_swimming,,swimming_area,swimming,,,,,yes,,,,,,,,"{""contact:website"": ""https://www.royalparks.org.uk/parks/hyde-park/things-to-see-and-do/sports-and-leisure/serpentine-lido"", ""fee"": ""yes"", ""leisure"": ""swimming_area"", ""name"": ""Serpentine Lido"", ""ref:EU:bwid"": ""uki1106-11940"", ""source"": ""Bing"", ""sport"": ""swimming"", ""url"": ""http://environment.data.gov.uk/bwq/profiles/profile.html?site=uki1106-11940""}"
way/836101030,51.44771,-0.5308,Swim Heron,Hythe End (0.7 km),lake,County Ditch,144,lake,,True,,bw-uki2203-11942,15471,swimming_area sport_swimming name,,swimming_area,swimming,,,,,yes,customers,yes,yes,,,,,"{""contact:email"": ""info@swimheron.co.uk"", ""contact:phone"": ""+44 7762 744736"", ""contact:website"": ""https://www.swimheron.co.uk/"", ""fee"": ""yes"", ""leisure"": ""swimming_area"", ""lifeguard"": ""yes"", ""name"": ""Swim Heron"", ""network"": ""nowca.org"", ""opening_hours"": ""Mo,We 16:00-20:00;Sa-Su 06:30-10:00"", ""operator"": ""Swim Heron"", ""sport"": ""swimming"", ""supervised"": ""yes"", ""swimming"": ""customers""}"
way/37005518,51.43587,-2.86839,Clevedon Marine Lake,West End (0.5 km),river,Land Yeo,541,inlandRiver,,True,,bw-ukk1100-36050,19383,swimming_area sport_swimming,,swimming_area,swimming,water,lake,,,,,,,,,,,"{""intermittent"": ""no"", ""leisure"": ""swimming_area"", ""name"": ""Clevedon Marine Lake"", ""natural"": ""water"", ""ref:GB:uprn"": ""24142617"", ""salt"": ""yes"", ""sport"": ""swimming"", ""water"": ""lake""}"
relation/8861532,51.429,-2.70998,Bathing Pond,Flax Bourton (0.9 km),river,Land Yeo,195,inlandRiver,,True,,bw-ukk1100-36050,10283,name,,,,water,,,,,,,,,,,,"{""name"": ""Bathing Pond"", ""natural"": ""water"", ""type"": ""multipolygon"", ""wikidata"": ""Q26633611""}"
way/683867900,51.41999,-0.01369,,Southend (1.0 km),river,Ravensbourne River,458,inlandRiver,,True,,bw-uki1106-11940,14346,sport_swimming,,,swimming,water,lake,,,,,,,no,Outdoor natural swimming pool,,,"{""description"": ""Outdoor natural swimming pool"", ""intermittent"": ""no"", ""natural"": ""water"", ""salt"": ""no"", ""sport"": ""swimming"", ""tidal"": ""no"", ""water"": ""lake""}"
node/50015650,51.41462,-0.42191,,Sunbury-on-Thames (1.0 km),river,Portlane Brook,1386,inlandRiver,,True,,bw-uki2203-11942,7853,sport_swimming,,,swimming,,,,,,,,,,,,,"{""created_by"": ""JOSM"", ""sport"": ""swimming""}"
way/137878086,51.38077,1.28585,,Minnis Bay (0.1 km),river,Brooksend Stream,1165,inlandRiver,,True,,stour-dedham,67527,swimming_area sport_swimming,,swimming_area,swimming,,,,,,,,,,,,,"{""leisure"": ""swimming_area"", ""source"": ""OS Open Greenspace"", ""sport"": ""swimming""}"
way/24271783,51.34422,-0.7576,Bathing Pool,Camberley (1.0 km),lake,,11,lake,,True,,osm-wey-waverley,15201,name,,,,water,pond,,,,,,,,,,,"{""name"": ""Bathing Pool"", ""natural"": ""water"", ""salt"": ""no"", ""water"": ""pond""}"
way/58418036,51.29165,-0.5125,,Send Marsh (0.1 km),river,East Clandon Stream,246,inlandRiver,,True,,osm-wey-waverley,19876,sport_swimming,,,swimming,water,,,private,,,,,,,,,"{""access"": ""private"", ""natural"": ""water"", ""sport"": ""swimming""}"
way/58418042,51.29023,-0.51264,,Send Marsh (0.1 km),river,East Clandon Stream,295,inlandRiver,,True,,osm-wey-waverley,19794,sport_swimming,way/58418077 way/58418041,,swimming,water,,,private,,,,,,,,,"{""access"": ""private"", ""natural"": ""water"", ""sport"": ""swimming""}"
way/73398588,51.26515,-0.57847,,Jacobs Well (0.8 km),river,River Wey,293,inlandRiver,,True,,osm-wey-waverley,14436,sport_swimming,,,swimming,,,,private,,,,,,,,,"{""access"": ""private"", ""source"": ""sas"", ""sport"": ""swimming""}"
way/69863408,51.26,-0.60125,,Stoughton (1.1 km),river,Whitmoor Common Brook,599,inlandRiver,,True,,osm-wey-waverley,12758,sport_swimming,,,swimming,,,,private,,,,,,,,,"{""access"": ""private"", ""sport"": ""swimming""}"
way/953718706,51.2466,-2.42419,,Upper Vobster (0.2 km),river,Mells Stream,469,inlandRiver,,True,,frome-tellisford-weir,11516,swimming_area sport_swimming,,swimming_area,swimming,,,,,,,,,,,,,"{""leisure"": ""swimming_area"", ""sport"": ""swimming""}"
way/953718705,51.24632,-2.42644,,Upper Vobster (0.2 km),river,Mells Stream,346,inlandRiver,,True,,frome-tellisford-weir,11667,swimming_area sport_swimming,,swimming_area,swimming,,,,,,,,,,,,,"{""leisure"": ""swimming_area"", ""sport"": ""swimming""}"
node/13866355847,51.2076,-0.76378,,Waverley (0.7 km),river,The Bourne Stream,3,inlandRiver,,True,osm-wey-waverley,bw-ukj2310-11945,5926,bathing_place,,bathing_place,,,,,,,,,,,,,,"{""drinking_water"": ""no"", ""informal"": ""yes"", ""leisure"": ""bathing_place"", ""picnic_table"": ""no"", ""shower"": ""no"", ""toilets"": ""no""}"
node/12601753079,51.15903,-1.44483,,Chilbolton (0.4 km),river,River Test,9,inlandRiver,,True,osm-test-chilbolton,osm-itchen-compton-lock,16993,bathing_place,,bathing_place,,,,,,,,,,,,,,"{""informal"": ""yes"", ""leisure"": ""bathing_place""}"
way/123177799,51.0904,-0.11789,,Worth Abbey (0.3 km),lake,,368,lake,,True,,ouse-barcombe-mills,22724,swimming_area,,swimming_area,,water,,,,,,,,,Pond outfall through waterfalls and pools. Feeds in to the River Ouse that comes out at Newhaven.,,,"{""description"": ""Pond outfall through waterfalls and pools. Feeds in to the River Ouse that comes out at Newhaven."", ""intermittent"": ""no"", ""leisure"": ""swimming_area"", ""natural"": ""water""}"
way/771750628,51.05122,-1.31408,Gunners Hole,St Cross (0.6 km),river,River Itchen,494,inlandRiver,,True,,osm-itchen-compton-lock,2734,swimming_area,,swimming_area,,water,basin,,private,,,,,,,,,"{""abandoned"": ""yes"", ""access"": ""private"", ""leisure"": ""swimming_area"", ""name"": ""Gunners Hole"", ""natural"": ""water"", ""water"": ""basin""}"
way/186891192,51.02718,-1.32219,Compton Lock,Shawford (0.6 km),river,River Itchen,3,inlandRiver,,True,osm-itchen-compton-lock,osm-test-chilbolton,16993,swimming_area sport_swimming,,swimming_area,swimming,water,river,,,,,,,no,,,,"{""covered"": ""no"", ""intermittent"": ""no"", ""leisure"": ""swimming_area"", ""name"": ""Compton Lock"", ""natural"": ""water"", ""sport"": ""swimming"", ""tidal"": ""no"", ""water"": ""river""}"
way/912430233,50.98034,-4.37233,,Bucks Cross (1.3 km),river,Dipple Water,105,inlandRiver,,True,,osm-teign-drogo-weir,50938,swimming_area,,swimming_area,,,,,,,,,,,,,,"{""leisure"": ""swimming_area""}"
way/895010129,50.97144,-0.36395,Wild swimming pond,Dial Post (1.0 km),river,Lancing Brook,91,inlandRiver,,True,,ouse-barcombe-mills,28541,name,,,,water,,,,,,,,,,,,"{""name"": ""Wild swimming pond"", ""natural"": ""water""}"
node/12547758003,50.96679,-1.74927,Cow Bridge,South Charford (0.9 km),river,River Avon,3,inlandRiver,,True,,bw-ukj3308-19001,5279,bathing_place,,bathing_place,,,,,private,,,,,,,,,"{""access"": ""private"", ""drinking_water"": ""no"", ""informal"": ""yes"", ""leisure"": ""bathing_place"", ""name"": ""Cow Bridge"", ""picnic_table"": ""no"", ""shower"": ""no"", ""toilets"": ""no""}"
way/1227683852,50.84789,-3.60801,,Cheriton Fitzpaine (0.4 km),river,Wilson's Water,415,inlandRiver,,True,,teign-fingle-bridge,20715,sport_swimming,,,swimming,water,,,,,,,,,,,,"{""natural"": ""water"", ""sport"": ""swimming""}"
way/1239390952,50.73123,-3.9952,,Okehampton (0.8 km),river,East Okement River,258,inlandRiver,,True,,osm-teign-drogo-weir,13757,sport_swimming,,,swimming,water,,,,,,,,,,,,"{""natural"": ""water"", ""sport"": ""swimming""}"
node/700873185,50.71244,-2.76614,,West Bay (0.4 km),river,River Brit,229,inlandRiver,,True,,bw-ukk2304-35201,41843,sport_swimming,,,swimming,,,,,,,,,,,,,"{""sport"": ""swimming""}"
node/12305131265,50.70488,-3.90922,Shilley Pool,East Week (1.4 km),river,Blackaton Brook,1082,inlandRiver,,True,,osm-teign-drogo-weir,7122,bathing_place,,bathing_place,,,,,,,,,,,,,,"{""informal"": ""yes"", ""leisure"": ""bathing_place"", ""name"": ""Shilley Pool""}"
way/1088847090,50.69352,-3.78437,,Cranbrook (1.0 km),river,River Teign,7,inlandRiver,,True,,teign-fingle-bridge,528,swimming_area,,swimming_area,,,,,,,,,,,,,,"{""leisure"": ""swimming_area""}"
way/1088847217,50.69205,-3.81044,,Easton (0.9 km),river,River Teign,3,inlandRiver,,True,osm-teign-drogo-weir,teign-fingle-bridge,2333,swimming_area,,swimming_area,,,,,,,,,,,,,,"{""leisure"": ""swimming_area""}"
node/10992682576,50.63969,-1.1822,,Shanklin (1.2 km),river,The Brook,60,inlandRiver,,True,,osm-itchen-compton-lock,44206,sport_swimming,,,swimming,,,,,,,,,,,,,"{""sport"": ""swimming""}"
way/151593683,50.6026,-3.60101,,Chudleigh (0.2 km),river,Kate Brook,291,inlandRiver,,True,,teign-fingle-bridge,16265,sport_swimming,node/440148261,,swimming,water,,,,,,,,,,,,"{""natural"": ""water"", ""sport"": ""swimming""}"
way/852639622,50.53495,-3.84714,Mel Pool,Poundsgate (1.3 km),river,River Dart,3,inlandRiver,,True,,dart-sharrah-pool,735,sport_swimming,,,swimming,water,stream_pool,,,,,,,,,,,"{""intermittent"": ""no"", ""name"": ""Mel Pool"", ""natural"": ""water"", ""sport"": ""swimming"", ""water"": ""stream_pool""}"
way/509611042,50.5301,-3.84045,Sharrah Pool,Poundsgate (1.0 km),river,Sharrah Pool,14,inlandRiver,,True,,dart-sharrah-pool,25,sport_swimming,,,swimming,water,stream_pool,,,,,,,,,,,"{""intermittent"": ""no"", ""name"": ""Sharrah Pool"", ""natural"": ""water"", ""sport"": ""swimming"", ""water"": ""stream_pool""}"
way/958514199,50.52877,-3.83859,Bathing Pool,Poundsgate (1.0 km),river,River Dart,1,inlandRiver,,True,,dart-sharrah-pool,183,name,,,,water,stream_pool,,,,,,,,,,,"{""intermittent"": ""no"", ""name"": ""Bathing Pool"", ""natural"": ""water"", ""water"": ""stream_pool""}"
way/628396590,50.50694,-3.76682,,Ashburton (1.2 km),river,River Ashburn,93,inlandRiver,,True,,dart-spitchwick,3949,sport_swimming,,,swimming,water,,,,,,,,,,,,"{""natural"": ""water"", ""sport"": ""swimming""}"
way/1531988215,50.4394,-3.69136,Dartington Pontoon,Puddavine (0.6 km),river,River Dart,6,inlandRiver,,True,osm-dart-dartington,dart-spitchwick,12948,swimming_area,,swimming_area,,,,,yes,no,,no,,,,,https://www.friendsofthedart.org/dartington,"{""access"": ""yes"", ""fee"": ""no"", ""leisure"": ""swimming_area"", ""name"": ""Dartington Pontoon"", ""supervised"": ""no"", ""website"": ""https://www.friendsofthedart.org/dartington""}"
node/13081888824,53.31516,0.28508,,Sutton-on-Sea (0.3 km),none,,,,,False,,bw-ukf2208-09702,94333,bathing_place sport_swimming,way/1193440065,bathing_place,swimming,,,,,,,seasonal,yes,,,,https://environment.data.gov.uk/bwq/profiles/profile.html?_search=Sutton%20on%20Sea%20(Lincolnshire)&site=ukf3102-09200,"{""designation"": ""Environment Agency designated Bathing Water"", ""leisure"": ""bathing_place"", ""lifeguard"": ""yes"", ""monitoring:water_quality"": ""seasonal;twice_monthly."", ""operator"": ""Royal National Lifeboat Institution"", ""seasonal"": ""summer"", ""sport"": ""swimming"", ""supervised"": ""seasonal"", ""website"": ""https://environment.data.gov.uk/bwq/profiles/profile.html?_search=Sutton%20on%20Sea%20(Lincolnshire)&site=ukf3102-09200""}"
way/1182048483,52.19376,0.16591,,Cherry Hinton (0.9 km),none,,,,,False,,bw-ukh1201-09801,3366,sport_swimming,,,swimming,,,,,,yes,,,,,,,"{""sport"": ""swimming"", ""swimming"": ""yes""}"
way/184232395,51.59242,-0.32825,,Wealdstone (0.2 km),none,,,,,False,,bw-uki1101-11930,11769,sport_swimming,way/184232396,,swimming,,,,,,,,,,,,,"{""sport"": ""swimming""}"
node/306530272,51.54696,-0.14396,,Kentish Town (0.4 km),river,Grand Union Canal,569,canal,,False,,bw-uki1101-11920,2022,sport_swimming,,,swimming,,,,,,,,,,,,,"{""sport"": ""swimming""}"
way/1078403237,51.50409,-0.02226,Love Open Water Canary Wharf,Canary Wharf (0.2 km),river,River Thames,517,tidalRiver,,False,,bw-uki1106-11940,10193,swimming_area sport_swimming,,swimming_area,swimming,,,,,yes,customers,yes,yes,,,,https://loveopenwater.co.uk/canary-wharf/,"{""fee"": ""yes"", ""leisure"": ""swimming_area"", ""lifeguard"": ""yes"", ""name"": ""Love Open Water Canary Wharf"", ""network"": ""nowca.org"", ""operator"": ""Love Open Water"", ""sport"": ""swimming"", ""supervised"": ""yes"", ""swimming"": ""customers"", ""website"": ""https://loveopenwater.co.uk/canary-wharf/""}"
node/721134644,51.49606,-0.22168,,Brook Green (0.2 km),river,River Thames,1060,tidalRiver,,False,,bw-uki1106-11940,3783,sport_swimming,,,swimming,,,,private,,,,,,,,,"{""access"": ""private"", ""source"": ""local_knowledge"", ""sport"": ""swimming""}"
node/1735704079,51.49603,-0.05235,,Bermondsey (0.8 km),river,River Thames,756,tidalRiver,,False,,bw-uki1106-11940,8164,sport_swimming,,,swimming,,,,,,,,,,,,,"{""covered"": ""yes"", ""disused:leisure"": ""swimming_pool"", ""disused:name"": ""Seven Islands Leisure Centre"", ""sport"": ""swimming""}"
way/813971863,51.49351,-0.02185,Docklands Sailing and Watersports Centre Open Water Swimming,Isle of Dogs (0.6 km),river,River Thames,551,tidalRiver,,False,,bw-uki1106-11940,10300,swimming_area sport_swimming name,,swimming_area,swimming,,,,,yes,customers,yes,yes,,,,,"{""fee"": ""yes"", ""leisure"": ""swimming_area"", ""lifeguard"": ""yes"", ""name"": ""Docklands Sailing and Watersports Centre Open Water Swimming"", ""network"": ""nowca.org"", ""opening_hours"": ""Mo-Fr 10:00-14:00;Sa-Su 09:00-12:30"", ""operator"": ""Docklands Sailing and Watersports Centre"", ""sport"": ""swimming"", ""supervised"": ""yes"", ""swimming"": ""customers""}"
node/289424137,51.49188,-0.08763,,Walworth (0.3 km),none,,,,,False,,bw-uki1106-11940,5838,sport_swimming,,,swimming,,,,,,,,,,,,,"{""addr:city"": ""London"", ""addr:housename"": ""Darwin Court"", ""addr:housenumber"": ""1"", ""addr:postcode"": ""SE17 1AD"", ""addr:street"": ""Crail Row"", ""addr:suburb"": ""Walworth"", ""sport"": ""swimming""}"
node/2112412002,51.47021,-0.28417,Paddling pool,North Sheen (0.2 km),river,River Thames,974,tidalRiver,,False,,bw-uki2203-11942,5147,sport_swimming,,,swimming,,,,,,,,,,,,,"{""covered"": ""no"", ""name"": ""Paddling pool"", ""sport"": ""swimming""}"
way/1078671575,51.43685,-0.44499,,Ashford (1.3 km),none,,,,,False,,bw-uki2203-11942,9398,sport_swimming,,,swimming,,,,,,no,,,,,,,"{""disused:leisure"": ""swimming_area"", ""old_name"": ""Love Open Water The Haven"", ""sport"": ""swimming"", ""swimming"": ""no"", ""was:operator"": ""Love Open Water""}"
way/137878099,51.38572,1.33804,,Westgate-on-Sea (0.5 km),none,,,,,False,,stour-dedham,68175,swimming_area sport_swimming,,swimming_area,swimming,,,,,,,,,,,,,"{""leisure"": ""swimming_area"", ""source"": ""OS Open Greenspace"", ""sport"": ""swimming""}"
way/140713673,51.32623,1.40462,,West Cliff (0.2 km),none,,,,,False,,stour-dedham,76019,swimming_area sport_swimming,,swimming_area,swimming,,,,,,,,,,,,,"{""leisure"": ""swimming_area"", ""source"": ""OS Open Greenspace"", ""sport"": ""swimming""}"
node/1060276025,51.24231,-0.94492,,Odiham (1.3 km),none,,,,,False,,osm-wey-waverley,13227,sport_swimming,,,swimming,,,,,,,,,,,,,"{""sport"": ""swimming""}"
way/307367558,50.6998,-3.48772,,Countess Wear (0.5 km),river,River Exe,704,tidalRiver,,False,,teign-fingle-bridge,20509,sport_swimming,,,swimming,water,,,,,,,,,,,,"{""area"": ""yes"", ""natural"": ""water"", ""sport"": ""swimming""}"
way/232633217,49.95302,-6.33698,,New Grimsby (0.2 km),none,,,,,False,,plym-cadover-bridge,174393,sport_swimming,,,swimming,water,,,,,,,,,,,,"{""natural"": ""water"", ""sport"": ""swimming""}"
